"downloaded","item_id","item_definition","category","8","9","10","11","12","13","14","15","16","17","18"
2023-12-01,34,"baa baa","sounds",0.33,0.32,0.44,0.42,0.44,0.48,0.54,0.55,0.68,0.72,0.74
2023-12-01,35,"choo choo","sounds",0.15,0.12,0.17,0.19,0.24,0.31,0.27,0.47,0.57,0.59,0.63
2023-12-01,36,"cockadoodledoo","sounds",0.11,0.07,0.11,0.1,0.14,0.18,0.19,0.31,0.44,0.44,0.49
2023-12-01,37,"grrr","sounds",0.18,0.18,0.32,0.28,0.33,0.38,0.45,0.56,0.7,0.65,0.76
2023-12-01,38,"meow","sounds",0.22,0.27,0.31,0.39,0.41,0.47,0.53,0.65,0.8,0.77,0.83
2023-12-01,39,"moo","sounds",0.16,0.16,0.22,0.29,0.32,0.39,0.43,0.53,0.74,0.75,0.81
2023-12-01,40,"ouch","sounds",0.24,0.22,0.3,0.35,0.42,0.47,0.5,0.6,0.71,0.71,0.77
2023-12-01,41,"quack quack","sounds",0.14,0.16,0.2,0.29,0.29,0.39,0.4,0.58,0.75,0.69,0.75
2023-12-01,42,"uh oh","sounds",0.35,0.35,0.48,0.54,0.59,0.73,0.69,0.78,0.91,0.85,0.91
2023-12-01,43,"vroom","sounds",0.14,0.13,0.19,0.25,0.31,0.38,0.42,0.54,0.68,0.7,0.75
2023-12-01,44,"woof woof","sounds",0.25,0.22,0.32,0.42,0.47,0.54,0.6,0.69,0.85,0.83,0.87
2023-12-01,45,"yum yum","sounds",0.32,0.39,0.41,0.51,0.52,0.58,0.59,0.61,0.8,0.76,0.83
2023-12-01,46,"animal","animals",0.11,0.07,0.11,0.15,0.16,0.2,0.25,0.35,0.42,0.48,0.52
2023-12-01,47,"bear","animals",0.08,0.11,0.16,0.24,0.24,0.29,0.36,0.49,0.64,0.62,0.73
2023-12-01,48,"bee","animals",0.08,0.07,0.07,0.12,0.14,0.16,0.15,0.3,0.37,0.48,0.56
2023-12-01,49,"bird","animals",0.13,0.14,0.21,0.32,0.34,0.45,0.49,0.65,0.82,0.75,0.83
2023-12-01,50,"bug","animals",0.08,0.07,0.08,0.09,0.11,0.18,0.23,0.32,0.38,0.41,0.49
2023-12-01,51,"bunny","animals",0.1,0.12,0.15,0.24,0.29,0.32,0.34,0.51,0.66,0.64,0.69
2023-12-01,52,"butterfly","animals",0.08,0.06,0.07,0.08,0.12,0.14,0.18,0.31,0.36,0.44,0.52
2023-12-01,53,"cat","animals",0.22,0.31,0.35,0.39,0.49,0.53,0.63,0.67,0.84,0.8,0.86
2023-12-01,54,"chicken (animal)","animals",0.07,0.07,0.1,0.12,0.16,0.21,0.22,0.4,0.47,0.51,0.58
2023-12-01,55,"cow","animals",0.08,0.1,0.13,0.23,0.25,0.32,0.35,0.51,0.69,0.71,0.76
2023-12-01,56,"deer","animals",0.05,0.06,0.06,0.07,0.08,0.08,0.11,0.22,0.17,0.25,0.31
2023-12-01,57,"dog","animals",0.33,0.39,0.49,0.64,0.68,0.74,0.77,0.83,0.95,0.92,0.94
2023-12-01,58,"donkey","animals",0.05,0.04,0.06,0.06,0.09,0.08,0.12,0.17,0.16,0.25,0.26
2023-12-01,59,"duck","animals",0.09,0.14,0.15,0.28,0.29,0.37,0.4,0.6,0.79,0.72,0.77
2023-12-01,60,"elephant","animals",0.08,0.08,0.08,0.15,0.17,0.19,0.21,0.32,0.45,0.53,0.57
2023-12-01,61,"fish (animal)","animals",0.06,0.12,0.12,0.17,0.22,0.26,0.31,0.53,0.66,0.63,0.73
2023-12-01,62,"frog","animals",0.06,0.06,0.07,0.09,0.14,0.17,0.22,0.31,0.45,0.48,0.58
2023-12-01,63,"giraffe","animals",0.07,0.06,0.07,0.11,0.12,0.12,0.15,0.24,0.32,0.39,0.46
2023-12-01,64,"goose","animals",0.05,0.05,0.04,0.07,0.09,0.09,0.09,0.2,0.18,0.27,0.31
2023-12-01,65,"horse","animals",0.07,0.07,0.09,0.15,0.18,0.21,0.29,0.43,0.63,0.63,0.63
2023-12-01,66,"kitty","animals",0.18,0.31,0.3,0.36,0.41,0.49,0.53,0.66,0.82,0.7,0.73
2023-12-01,67,"lamb","animals",0.05,0.08,0.09,0.08,0.11,0.13,0.18,0.27,0.32,0.31,0.39
2023-12-01,68,"lion","animals",0.06,0.07,0.1,0.13,0.14,0.17,0.22,0.33,0.44,0.49,0.56
2023-12-01,69,"monkey","animals",0.1,0.1,0.14,0.16,0.19,0.22,0.27,0.42,0.49,0.57,0.63
2023-12-01,70,"mouse","animals",0.06,0.06,0.07,0.08,0.11,0.13,0.17,0.28,0.33,0.41,0.5
2023-12-01,71,"owl","animals",0.08,0.05,0.06,0.09,0.15,0.14,0.17,0.23,0.32,0.4,0.51
2023-12-01,72,"penguin","animals",0.05,0.05,0.06,0.07,0.11,0.1,0.11,0.17,0.16,0.29,0.35
2023-12-01,73,"pig","animals",0.07,0.1,0.13,0.16,0.19,0.23,0.27,0.44,0.63,0.62,0.68
2023-12-01,74,"pony","animals",0.05,0.06,0.07,0.08,0.1,0.11,0.11,0.2,0.2,0.22,0.26
2023-12-01,75,"puppy","animals",0.17,0.17,0.24,0.29,0.36,0.42,0.44,0.54,0.61,0.67,0.72
2023-12-01,76,"sheep","animals",0.05,0.06,0.07,0.12,0.14,0.13,0.2,0.32,0.41,0.48,0.54
2023-12-01,77,"squirrel","animals",0.07,0.05,0.06,0.07,0.09,0.12,0.15,0.26,0.25,0.3,0.41
2023-12-01,78,"teddybear","animals",0.11,0.13,0.23,0.24,0.23,0.35,0.38,0.53,0.67,0.58,0.62
2023-12-01,79,"tiger","animals",0.05,0.05,0.08,0.08,0.11,0.14,0.2,0.25,0.34,0.35,0.49
2023-12-01,80,"turkey","animals",0.05,0.05,0.05,0.05,0.07,0.07,0.09,0.14,0.16,0.21,0.22
2023-12-01,81,"turtle","animals",0.06,0.07,0.07,0.1,0.13,0.12,0.17,0.27,0.32,0.38,0.47
2023-12-01,82,"airplane","vehicles",0.07,0.1,0.11,0.19,0.22,0.29,0.34,0.43,0.64,0.65,0.7
2023-12-01,83,"bicycle","vehicles",0.05,0.08,0.07,0.11,0.15,0.2,0.25,0.34,0.43,0.52,0.61
2023-12-01,84,"bus","vehicles",0.07,0.06,0.07,0.15,0.17,0.19,0.21,0.37,0.4,0.56,0.62
2023-12-01,85,"car","vehicles",0.25,0.26,0.34,0.46,0.52,0.64,0.72,0.78,0.91,0.86,0.91
2023-12-01,86,"firetruck","vehicles",0.06,0.07,0.07,0.11,0.13,0.19,0.19,0.33,0.35,0.42,0.54
2023-12-01,87,"motorcycle","vehicles",0.06,0.07,0.07,0.08,0.09,0.1,0.13,0.21,0.21,0.31,0.39
2023-12-01,88,"stroller","vehicles",0.16,0.2,0.26,0.34,0.4,0.43,0.54,0.63,0.75,0.73,0.8
2023-12-01,89,"train","vehicles",0.05,0.1,0.09,0.16,0.19,0.23,0.26,0.37,0.53,0.59,0.68
2023-12-01,90,"truck","vehicles",0.11,0.11,0.11,0.21,0.26,0.33,0.37,0.46,0.65,0.64,0.74
2023-12-01,91,"ball","toys",0.35,0.41,0.51,0.72,0.77,0.85,0.85,0.9,0.97,0.95,0.97
2023-12-01,92,"balloon","toys",0.11,0.18,0.17,0.27,0.36,0.47,0.49,0.64,0.81,0.69,0.75
2023-12-01,93,"block","toys",0.13,0.14,0.18,0.28,0.32,0.41,0.38,0.57,0.66,0.7,0.76
2023-12-01,94,"book","toys",0.3,0.4,0.45,0.68,0.7,0.77,0.77,0.87,0.95,0.91,0.96
2023-12-01,95,"bubbles","toys",0.12,0.11,0.13,0.25,0.28,0.36,0.43,0.52,0.69,0.72,0.77
2023-12-01,96,"doll","toys",0.1,0.12,0.18,0.21,0.22,0.32,0.37,0.51,0.58,0.52,0.57
2023-12-01,97,"pen","toys",0.05,0.07,0.07,0.11,0.11,0.17,0.2,0.36,0.44,0.39,0.53
2023-12-01,98,"toy (object)","toys",0.26,0.24,0.31,0.4,0.41,0.51,0.54,0.66,0.73,0.74,0.73
2023-12-01,99,"apple","food_drink",0.1,0.14,0.18,0.25,0.25,0.32,0.43,0.55,0.71,0.73,0.82
2023-12-01,100,"banana","food_drink",0.15,0.26,0.35,0.52,0.51,0.6,0.64,0.77,0.89,0.87,0.89
2023-12-01,101,"bread","food_drink",0.07,0.1,0.12,0.24,0.25,0.27,0.39,0.5,0.61,0.61,0.68
2023-12-01,102,"butter","food_drink",0.04,0.05,0.04,0.05,0.06,0.07,0.09,0.19,0.16,0.18,0.25
2023-12-01,103,"cake","food_drink",0.06,0.07,0.08,0.08,0.11,0.15,0.18,0.23,0.26,0.32,0.34
2023-12-01,104,"candy","food_drink",0.07,0.07,0.08,0.06,0.07,0.13,0.18,0.26,0.28,0.28,0.28
2023-12-01,105,"carrots","food_drink",0.06,0.1,0.11,0.18,0.17,0.21,0.25,0.39,0.45,0.45,0.52
2023-12-01,106,"cereal","food_drink",0.08,0.16,0.18,0.17,0.23,0.29,0.37,0.47,0.63,0.51,0.53
2023-12-01,107,"cheerios","food_drink",0.11,0.2,0.26,0.38,0.4,0.45,0.53,0.58,0.7,0.63,0.62
2023-12-01,108,"cheese","food_drink",0.06,0.11,0.14,0.28,0.34,0.42,0.46,0.67,0.72,0.73,0.8
2023-12-01,109,"chicken (food)","food_drink",0.09,0.09,0.09,0.17,0.18,0.23,0.27,0.39,0.39,0.44,0.5
2023-12-01,110,"coffee","food_drink",0.04,0.05,0.05,0.07,0.09,0.09,0.13,0.21,0.22,0.3,0.36
2023-12-01,111,"cookie","food_drink",0.11,0.17,0.27,0.24,0.26,0.39,0.46,0.62,0.8,0.63,0.66
2023-12-01,112,"cracker","food_drink",0.14,0.2,0.24,0.27,0.32,0.41,0.49,0.63,0.81,0.69,0.73
2023-12-01,113,"drink (beverage)","food_drink",0.14,0.2,0.29,0.4,0.39,0.48,0.51,0.68,0.82,0.71,0.71
2023-12-01,114,"egg","food_drink",0.06,0.11,0.09,0.14,0.19,0.24,0.27,0.4,0.37,0.5,0.59
2023-12-01,115,"fish (food)","food_drink",0.05,0.07,0.04,0.07,0.09,0.09,0.13,0.24,0.29,0.27,0.34
2023-12-01,116,"food","food_drink",0.18,0.2,0.25,0.35,0.38,0.41,0.45,0.5,0.57,0.66,0.72
2023-12-01,117,"ice cream","food_drink",0.09,0.1,0.13,0.12,0.11,0.2,0.24,0.35,0.43,0.37,0.44
2023-12-01,118,"juice","food_drink",0.11,0.22,0.29,0.23,0.26,0.39,0.43,0.55,0.81,0.51,0.49
2023-12-01,119,"meat","food_drink",0.05,0.06,0.08,0.07,0.09,0.1,0.19,0.22,0.22,0.24,0.27
2023-12-01,120,"milk","food_drink",0.31,0.32,0.36,0.52,0.61,0.69,0.7,0.76,0.85,0.83,0.87
2023-12-01,121,"noodles","food_drink",0.05,0.05,0.07,0.1,0.12,0.14,0.22,0.28,0.38,0.42,0.49
2023-12-01,122,"orange (food)","food_drink",0.05,0.05,0.07,0.13,0.13,0.14,0.23,0.37,0.38,0.5,0.52
2023-12-01,123,"peas","food_drink",0.06,0.07,0.09,0.13,0.14,0.17,0.19,0.34,0.42,0.4,0.47
2023-12-01,124,"pizza","food_drink",0.05,0.05,0.06,0.09,0.11,0.16,0.22,0.28,0.39,0.43,0.5
2023-12-01,125,"raisin","food_drink",0.04,0.04,0.04,0.04,0.09,0.11,0.16,0.27,0.34,0.32,0.34
2023-12-01,126,"spaghetti","food_drink",0.06,0.05,0.07,0.08,0.11,0.15,0.21,0.27,0.35,0.31,0.38
2023-12-01,127,"toast","food_drink",0.05,0.08,0.08,0.13,0.16,0.17,0.25,0.28,0.38,0.4,0.53
2023-12-01,128,"water (beverage)","food_drink",0.21,0.24,0.36,0.55,0.59,0.61,0.64,0.69,0.79,0.83,0.87
2023-12-01,129,"beads","clothing",0.05,0.05,0.06,0.05,0.07,0.07,0.08,0.14,0.15,0.11,0.13
2023-12-01,130,"bib","clothing",0.11,0.18,0.17,0.27,0.26,0.28,0.35,0.47,0.62,0.56,0.61
2023-12-01,131,"boots","clothing",0.04,0.06,0.05,0.08,0.1,0.11,0.14,0.23,0.27,0.51,0.62
2023-12-01,132,"button","clothing",0.06,0.07,0.07,0.12,0.15,0.17,0.2,0.28,0.53,0.41,0.46
2023-12-01,133,"coat","clothing",0.05,0.06,0.08,0.11,0.14,0.18,0.27,0.37,0.45,0.57,0.69
2023-12-01,134,"diaper","clothing",0.29,0.4,0.5,0.59,0.6,0.69,0.72,0.81,0.94,0.88,0.93
2023-12-01,135,"dress (object)","clothing",0.06,0.08,0.07,0.08,0.12,0.13,0.19,0.25,0.27,0.27,0.33
2023-12-01,136,"hat","clothing",0.09,0.12,0.17,0.28,0.32,0.36,0.45,0.55,0.77,0.75,0.81
2023-12-01,137,"jacket","clothing",0.06,0.09,0.1,0.13,0.17,0.18,0.24,0.36,0.45,0.57,0.67
2023-12-01,138,"jeans","clothing",0.06,0.04,0.04,0.05,0.07,0.07,0.09,0.12,0.13,0.18,0.22
2023-12-01,139,"necklace","clothing",0.05,0.05,0.05,0.08,0.09,0.11,0.12,0.23,0.28,0.25,0.3
2023-12-01,140,"pajamas","clothing",0.1,0.12,0.16,0.23,0.26,0.3,0.41,0.5,0.64,0.65,0.71
2023-12-01,141,"pants","clothing",0.07,0.1,0.13,0.19,0.23,0.29,0.34,0.47,0.56,0.7,0.75
2023-12-01,142,"shirt","clothing",0.06,0.1,0.15,0.19,0.24,0.32,0.4,0.47,0.62,0.7,0.73
2023-12-01,143,"shoe","clothing",0.1,0.13,0.25,0.39,0.46,0.6,0.69,0.82,0.96,0.88,0.91
2023-12-01,144,"shorts","clothing",0.05,0.05,0.07,0.07,0.1,0.11,0.19,0.25,0.29,0.25,0.27
2023-12-01,145,"sock","clothing",0.12,0.17,0.24,0.36,0.39,0.44,0.58,0.64,0.85,0.79,0.86
2023-12-01,146,"sweater","clothing",0.05,0.05,0.07,0.06,0.09,0.09,0.15,0.19,0.21,0.31,0.39
2023-12-01,147,"zipper","clothing",0.08,0.06,0.07,0.12,0.09,0.11,0.14,0.2,0.31,0.39,0.46
2023-12-01,148,"arm","body_parts",0.08,0.09,0.13,0.16,0.17,0.22,0.28,0.39,0.55,0.57,0.67
2023-12-01,149,"belly button","body_parts",0.07,0.11,0.15,0.21,0.25,0.33,0.45,0.53,0.75,0.77,0.78
2023-12-01,150,"cheek","body_parts",0.05,0.08,0.08,0.1,0.1,0.13,0.15,0.3,0.31,0.42,0.46
2023-12-01,151,"ear","body_parts",0.11,0.11,0.15,0.26,0.25,0.35,0.45,0.59,0.81,0.77,0.84
2023-12-01,152,"eye","body_parts",0.13,0.12,0.21,0.31,0.3,0.44,0.53,0.65,0.86,0.81,0.87
2023-12-01,153,"face","body_parts",0.09,0.1,0.15,0.18,0.17,0.26,0.3,0.4,0.47,0.52,0.58
2023-12-01,154,"foot","body_parts",0.15,0.14,0.22,0.37,0.37,0.45,0.52,0.62,0.83,0.81,0.85
2023-12-01,155,"finger","body_parts",0.11,0.13,0.18,0.22,0.21,0.27,0.34,0.42,0.59,0.61,0.66
2023-12-01,156,"hair","body_parts",0.11,0.14,0.19,0.3,0.3,0.43,0.5,0.62,0.82,0.79,0.84
2023-12-01,157,"hand","body_parts",0.16,0.19,0.2,0.31,0.29,0.36,0.41,0.54,0.73,0.71,0.79
2023-12-01,158,"head","body_parts",0.08,0.08,0.13,0.22,0.27,0.3,0.4,0.5,0.67,0.71,0.78
2023-12-01,159,"knee","body_parts",0.05,0.06,0.07,0.08,0.09,0.11,0.15,0.22,0.32,0.41,0.5
2023-12-01,160,"leg","body_parts",0.06,0.07,0.1,0.14,0.13,0.2,0.22,0.34,0.48,0.55,0.6
2023-12-01,161,"mouth","body_parts",0.14,0.17,0.28,0.31,0.34,0.47,0.52,0.62,0.83,0.77,0.85
2023-12-01,162,"nose","body_parts",0.14,0.19,0.24,0.42,0.4,0.53,0.62,0.75,0.9,0.84,0.9
2023-12-01,163,"owie/boo boo","body_parts",0.09,0.16,0.15,0.16,0.18,0.26,0.29,0.33,0.56,0.55,0.61
2023-12-01,164,"tooth","body_parts",0.06,0.15,0.14,0.2,0.21,0.28,0.34,0.41,0.68,0.62,0.71
2023-12-01,165,"toe","body_parts",0.11,0.14,0.16,0.23,0.24,0.31,0.38,0.45,0.67,0.67,0.71
2023-12-01,166,"tongue","body_parts",0.1,0.09,0.13,0.18,0.18,0.22,0.29,0.38,0.54,0.54,0.61
2023-12-01,167,"tummy","body_parts",0.16,0.18,0.21,0.29,0.32,0.43,0.48,0.58,0.77,0.76,0.81
2023-12-01,168,"bathroom","furniture_rooms",0.07,0.12,0.14,0.22,0.25,0.31,0.42,0.6,0.72,0.65,0.73
2023-12-01,169,"bathtub","furniture_rooms",0.16,0.25,0.29,0.4,0.43,0.52,0.57,0.7,0.83,0.78,0.82
2023-12-01,170,"bed","furniture_rooms",0.13,0.24,0.3,0.37,0.38,0.5,0.58,0.67,0.78,0.77,0.82
2023-12-01,171,"bedroom","furniture_rooms",0.05,0.11,0.11,0.16,0.19,0.21,0.35,0.51,0.59,0.57,0.64
2023-12-01,172,"chair","furniture_rooms",0.06,0.1,0.1,0.17,0.21,0.32,0.41,0.58,0.77,0.72,0.78
2023-12-01,173,"couch","furniture_rooms",0.06,0.09,0.11,0.15,0.18,0.24,0.34,0.42,0.54,0.6,0.69
2023-12-01,174,"crib","furniture_rooms",0.12,0.2,0.22,0.3,0.29,0.33,0.4,0.52,0.58,0.59,0.59
2023-12-01,175,"door","furniture_rooms",0.05,0.08,0.17,0.29,0.32,0.45,0.51,0.65,0.83,0.75,0.8
2023-12-01,176,"drawer","furniture_rooms",0.04,0.04,0.05,0.08,0.11,0.15,0.19,0.26,0.37,0.37,0.43
2023-12-01,177,"garage","furniture_rooms",0.03,0.04,0.04,0.05,0.06,0.1,0.12,0.2,0.31,0.21,0.23
2023-12-01,178,"high chair","furniture_rooms",0.13,0.18,0.17,0.29,0.31,0.39,0.46,0.57,0.74,0.65,0.7
2023-12-01,179,"kitchen","furniture_rooms",0.06,0.11,0.15,0.18,0.2,0.25,0.4,0.47,0.64,0.59,0.67
2023-12-01,180,"living room","furniture_rooms",0.06,0.1,0.07,0.1,0.09,0.12,0.21,0.3,0.34,0.34,0.43
2023-12-01,181,"oven","furniture_rooms",0.03,0.05,0.05,0.07,0.09,0.12,0.16,0.24,0.31,0.29,0.4
2023-12-01,182,"play pen","furniture_rooms",0.07,0.12,0.11,0.13,0.12,0.15,0.15,0.21,0.18,0.15,0.14
2023-12-01,183,"potty","furniture_rooms",0.05,0.07,0.08,0.12,0.13,0.2,0.22,0.27,0.43,0.45,0.58
2023-12-01,184,"refrigerator","furniture_rooms",0.05,0.09,0.1,0.11,0.14,0.22,0.33,0.42,0.57,0.53,0.6
2023-12-01,185,"rocking chair","furniture_rooms",0.05,0.07,0.04,0.07,0.09,0.09,0.17,0.23,0.39,0.27,0.25
2023-12-01,186,"sink","furniture_rooms",0.04,0.05,0.06,0.06,0.07,0.09,0.16,0.23,0.3,0.34,0.43
2023-12-01,187,"stairs","furniture_rooms",0.04,0.06,0.1,0.17,0.21,0.29,0.36,0.47,0.64,0.57,0.63
2023-12-01,188,"stove","furniture_rooms",0.05,0.04,0.06,0.07,0.08,0.1,0.14,0.22,0.25,0.24,0.32
2023-12-01,189,"table","furniture_rooms",0.05,0.07,0.09,0.11,0.15,0.22,0.31,0.43,0.59,0.53,0.63
2023-12-01,190,"TV","furniture_rooms",0.1,0.16,0.19,0.21,0.27,0.35,0.43,0.6,0.75,0.62,0.62
2023-12-01,191,"window","furniture_rooms",0.08,0.1,0.1,0.16,0.19,0.28,0.35,0.45,0.55,0.52,0.59
2023-12-01,192,"blanket","household",0.13,0.24,0.25,0.29,0.32,0.43,0.52,0.59,0.74,0.71,0.76
2023-12-01,193,"bottle","household",0.37,0.47,0.58,0.57,0.57,0.67,0.65,0.74,0.77,0.73,0.77
2023-12-01,194,"bowl","household",0.05,0.07,0.1,0.15,0.17,0.25,0.28,0.4,0.58,0.59,0.68
2023-12-01,195,"box","household",0.06,0.08,0.06,0.13,0.14,0.19,0.22,0.38,0.49,0.51,0.57
2023-12-01,196,"broom","household",0.04,0.05,0.08,0.07,0.11,0.17,0.22,0.36,0.48,0.49,0.52
2023-12-01,197,"brush","household",0.08,0.09,0.14,0.2,0.25,0.35,0.48,0.56,0.78,0.69,0.72
2023-12-01,198,"clock","household",0.05,0.05,0.06,0.08,0.1,0.13,0.13,0.24,0.35,0.28,0.34
2023-12-01,199,"comb","household",0.05,0.05,0.11,0.11,0.14,0.21,0.25,0.31,0.52,0.42,0.43
2023-12-01,200,"cup","household",0.12,0.18,0.32,0.42,0.43,0.53,0.63,0.72,0.86,0.81,0.83
2023-12-01,201,"dish","household",0.05,0.06,0.06,0.06,0.1,0.12,0.14,0.26,0.33,0.28,0.3
2023-12-01,202,"fork","household",0.06,0.05,0.07,0.08,0.13,0.17,0.28,0.38,0.54,0.57,0.7
2023-12-01,203,"glass","household",0.05,0.04,0.05,0.09,0.11,0.11,0.2,0.24,0.33,0.3,0.39
2023-12-01,204,"glasses","household",0.07,0.12,0.09,0.17,0.19,0.27,0.29,0.4,0.6,0.5,0.52
2023-12-01,205,"hammer","household",0.04,0.04,0.04,0.06,0.08,0.09,0.1,0.18,0.24,0.22,0.23
2023-12-01,206,"keys","household",0.09,0.17,0.26,0.31,0.32,0.43,0.49,0.62,0.83,0.69,0.74
2023-12-01,207,"lamp","household",0.05,0.06,0.05,0.05,0.08,0.07,0.13,0.21,0.24,0.23,0.26
2023-12-01,208,"light","household",0.06,0.11,0.13,0.2,0.23,0.31,0.35,0.45,0.65,0.6,0.67
2023-12-01,209,"medicine","household",0.07,0.1,0.12,0.11,0.12,0.17,0.21,0.26,0.42,0.36,0.38
2023-12-01,210,"money","household",0.06,0.06,0.06,0.05,0.07,0.09,0.11,0.21,0.24,0.17,0.23
2023-12-01,211,"paper","household",0.05,0.09,0.12,0.09,0.12,0.15,0.16,0.29,0.47,0.38,0.47
2023-12-01,212,"penny","household",0.04,0.04,0.04,0.04,0.05,0.06,0.07,0.17,0.13,0.08,0.08
2023-12-01,213,"picture","household",0.06,0.07,0.11,0.12,0.13,0.16,0.2,0.34,0.45,0.42,0.47
2023-12-01,214,"pillow","household",0.07,0.1,0.11,0.11,0.14,0.22,0.28,0.37,0.51,0.5,0.55
2023-12-01,215,"plant","household",0.04,0.06,0.07,0.1,0.13,0.15,0.18,0.27,0.35,0.28,0.32
2023-12-01,216,"plate","household",0.04,0.05,0.05,0.08,0.11,0.16,0.21,0.34,0.42,0.41,0.52
2023-12-01,217,"purse","household",0.05,0.06,0.05,0.08,0.11,0.14,0.22,0.3,0.43,0.28,0.38
2023-12-01,218,"radio","household",0.04,0.05,0.07,0.07,0.08,0.1,0.14,0.25,0.25,0.19,0.2
2023-12-01,219,"scissors","household",0.04,0.04,0.04,0.04,0.06,0.06,0.08,0.14,0.15,0.16,0.21
2023-12-01,220,"soap","household",0.05,0.07,0.08,0.09,0.11,0.15,0.2,0.33,0.44,0.45,0.52
2023-12-01,221,"spoon","household",0.08,0.2,0.19,0.28,0.3,0.37,0.44,0.56,0.76,0.66,0.74
2023-12-01,222,"telephone","household",0.09,0.17,0.28,0.34,0.4,0.52,0.57,0.64,0.86,0.74,0.81
2023-12-01,223,"toothbrush","household",0.05,0.1,0.13,0.24,0.33,0.38,0.46,0.57,0.79,0.76,0.81
2023-12-01,224,"towel","household",0.05,0.06,0.09,0.13,0.15,0.16,0.2,0.34,0.5,0.5,0.56
2023-12-01,225,"trash","household",0.04,0.07,0.09,0.09,0.11,0.21,0.29,0.41,0.55,0.48,0.51
2023-12-01,226,"vacuum","household",0.06,0.1,0.11,0.18,0.2,0.24,0.3,0.4,0.54,0.5,0.54
2023-12-01,227,"watch (object)","household",0.06,0.06,0.07,0.11,0.11,0.13,0.17,0.27,0.39,0.29,0.33
2023-12-01,228,"backyard","outside",0.05,0.09,0.08,0.1,0.13,0.22,0.23,0.33,0.43,0.34,0.37
2023-12-01,229,"beach","outside",0.03,0.06,0.04,0.07,0.07,0.07,0.1,0.18,0.15,0.18,0.22
2023-12-01,230,"church*","outside",0.05,0.06,0.07,0.07,0.08,0.11,0.11,0.18,0.16,0.15,0.13
2023-12-01,231,"flower","outside",0.07,0.09,0.11,0.18,0.2,0.27,0.29,0.49,0.64,0.58,0.67
2023-12-01,232,"garden","outside",0.04,0.05,0.04,0.06,0.07,0.07,0.1,0.15,0.16,0.16,0.24
2023-12-01,233,"home","outside",0.1,0.16,0.21,0.26,0.29,0.38,0.36,0.46,0.6,0.62,0.69
2023-12-01,234,"house","outside",0.05,0.1,0.09,0.11,0.14,0.19,0.21,0.4,0.47,0.44,0.51
2023-12-01,235,"moon","outside",0.04,0.07,0.06,0.1,0.14,0.13,0.17,0.23,0.45,0.41,0.48
2023-12-01,236,"outside","outside",0.17,0.24,0.28,0.4,0.46,0.59,0.65,0.74,0.89,0.79,0.81
2023-12-01,237,"park","outside",0.04,0.09,0.09,0.12,0.18,0.19,0.23,0.3,0.42,0.5,0.63
2023-12-01,238,"party","outside",0.03,0.04,0.04,0.04,0.07,0.05,0.06,0.15,0.09,0.1,0.13
2023-12-01,239,"pool","outside",0.07,0.12,0.07,0.13,0.18,0.16,0.22,0.31,0.36,0.35,0.36
2023-12-01,240,"rain","outside",0.06,0.06,0.06,0.1,0.1,0.15,0.2,0.28,0.32,0.4,0.48
2023-12-01,241,"rock","outside",0.03,0.04,0.06,0.07,0.1,0.14,0.17,0.36,0.42,0.41,0.49
2023-12-01,242,"school","outside",0.06,0.08,0.07,0.08,0.1,0.13,0.14,0.22,0.19,0.24,0.28
2023-12-01,243,"shovel","outside",0.03,0.04,0.03,0.04,0.07,0.05,0.07,0.16,0.22,0.21,0.26
2023-12-01,244,"sky","outside",0.06,0.05,0.07,0.07,0.1,0.13,0.13,0.22,0.33,0.32,0.36
2023-12-01,245,"slide (object)","outside",0.03,0.05,0.06,0.09,0.14,0.14,0.24,0.37,0.59,0.52,0.62
2023-12-01,246,"snow","outside",0.05,0.05,0.05,0.06,0.06,0.07,0.07,0.13,0.15,0.17,0.21
2023-12-01,247,"star","outside",0.04,0.04,0.05,0.07,0.08,0.09,0.11,0.17,0.29,0.34,0.39
2023-12-01,248,"store","outside",0.05,0.07,0.07,0.09,0.1,0.15,0.14,0.29,0.41,0.31,0.37
2023-12-01,249,"sun","outside",0.05,0.08,0.06,0.09,0.11,0.11,0.15,0.2,0.34,0.35,0.42
2023-12-01,250,"swing (object)","outside",0.1,0.12,0.13,0.2,0.23,0.28,0.28,0.4,0.62,0.54,0.65
2023-12-01,251,"tree","outside",0.05,0.1,0.08,0.16,0.21,0.24,0.31,0.42,0.59,0.57,0.68
2023-12-01,252,"water (not beverage)","outside",0.08,0.14,0.17,0.21,0.22,0.32,0.38,0.52,0.71,0.57,0.6
2023-12-01,253,"work (place)","outside",0.04,0.07,0.07,0.06,0.07,0.08,0.1,0.2,0.27,0.25,0.3
2023-12-01,254,"zoo","outside",0.06,0.04,0.04,0.04,0.06,0.06,0.09,0.15,0.14,0.15,0.15
2023-12-01,255,"aunt","people",0.11,0.14,0.18,0.2,0.19,0.19,0.24,0.31,0.29,0.35,0.37
2023-12-01,256,"baby","people",0.26,0.34,0.38,0.47,0.51,0.61,0.6,0.77,0.84,0.79,0.84
2023-12-01,257,"babysitter","people",0.03,0.07,0.06,0.06,0.09,0.08,0.09,0.14,0.12,0.09,0.11
2023-12-01,258,"babysitter's name","people",0.06,0.17,0.16,0.13,0.19,0.18,0.22,0.3,0.43,0.29,0.27
2023-12-01,259,"boy","people",0.04,0.08,0.04,0.07,0.08,0.12,0.16,0.27,0.33,0.21,0.29
2023-12-01,260,"brother","people",0.19,0.26,0.22,0.24,0.26,0.28,0.31,0.33,0.22,0.3,0.26
2023-12-01,261,"child","people",0.04,0.06,0.06,0.07,0.07,0.08,0.09,0.13,0.12,0.14,0.19
2023-12-01,262,"daddy*","people",0.72,0.86,0.87,0.88,0.9,0.93,0.88,0.91,0.98,0.95,0.95
2023-12-01,263,"girl","people",0.04,0.07,0.04,0.08,0.07,0.11,0.14,0.21,0.3,0.19,0.25
2023-12-01,264,"grandma*","people",0.38,0.44,0.52,0.57,0.62,0.65,0.67,0.69,0.78,0.86,0.85
2023-12-01,265,"grandpa*","people",0.29,0.33,0.39,0.46,0.5,0.56,0.56,0.56,0.67,0.76,0.74
2023-12-01,266,"lady","people",0.02,0.03,0.05,0.05,0.05,0.08,0.07,0.17,0.18,0.11,0.16
2023-12-01,267,"man","people",0.03,0.05,0.04,0.06,0.07,0.07,0.07,0.2,0.21,0.13,0.2
2023-12-01,268,"mommy*","people",0.77,0.87,0.88,0.9,0.92,0.93,0.91,0.91,0.99,0.98,0.97
2023-12-01,269,"child's own name","people",0.67,0.74,0.7,0.79,0.81,0.84,0.81,0.84,0.93,0.91,0.94
2023-12-01,270,"people","people",0.05,0.07,0.06,0.09,0.08,0.11,0.09,0.2,0.22,0.2,0.27
2023-12-01,271,"person","people",0.05,0.04,0.06,0.06,0.07,0.08,0.06,0.12,0.1,0.14,0.18
2023-12-01,272,"sister","people",0.18,0.26,0.25,0.2,0.23,0.27,0.25,0.31,0.21,0.25,0.26
2023-12-01,273,"teacher","people",0.04,0.05,0.04,0.05,0.07,0.08,0.08,0.16,0.08,0.16,0.19
2023-12-01,274,"uncle","people",0.11,0.11,0.11,0.12,0.15,0.14,0.17,0.21,0.23,0.27,0.3
2023-12-01,275,"bath","games_routines",0.36,0.51,0.53,0.66,0.7,0.74,0.77,0.84,0.97,0.9,0.94
2023-12-01,276,"breakfast","games_routines",0.11,0.23,0.25,0.31,0.35,0.42,0.46,0.56,0.72,0.72,0.74
2023-12-01,277,"bye","games_routines",0.37,0.61,0.7,0.79,0.83,0.86,0.85,0.87,0.98,0.96,0.96
2023-12-01,278,"dinner","games_routines",0.11,0.18,0.22,0.28,0.29,0.38,0.38,0.5,0.64,0.65,0.73
2023-12-01,279,"don't","games_routines",0.11,0.27,0.35,0.43,0.46,0.5,0.58,0.61,0.81,0.71,0.73
2023-12-01,280,"hello","games_routines",0.22,0.25,0.35,0.45,0.51,0.55,0.59,0.61,0.76,0.75,0.84
2023-12-01,281,"hi","games_routines",0.47,0.53,0.55,0.71,0.76,0.75,0.77,0.81,0.93,0.91,0.93
2023-12-01,282,"lunch","games_routines",0.1,0.18,0.18,0.26,0.28,0.35,0.36,0.51,0.65,0.68,0.72
2023-12-01,283,"nap","games_routines",0.18,0.24,0.29,0.42,0.47,0.53,0.55,0.66,0.79,0.77,0.85
2023-12-01,284,"night night","games_routines",0.26,0.41,0.46,0.52,0.59,0.67,0.67,0.76,0.9,0.82,0.84
2023-12-01,285,"no","games_routines",0.37,0.59,0.7,0.75,0.77,0.84,0.83,0.88,0.98,0.93,0.93
2023-12-01,286,"pattycake","games_routines",0.14,0.3,0.41,0.34,0.35,0.48,0.44,0.57,0.71,0.42,0.48
2023-12-01,287,"peekaboo","games_routines",0.42,0.56,0.65,0.7,0.73,0.77,0.77,0.83,0.95,0.87,0.9
2023-12-01,288,"please","games_routines",0.06,0.1,0.09,0.17,0.19,0.27,0.31,0.45,0.59,0.62,0.7
2023-12-01,289,"shh/shush/hush","games_routines",0.29,0.3,0.31,0.36,0.41,0.45,0.47,0.57,0.71,0.68,0.74
2023-12-01,290,"thank you","games_routines",0.07,0.16,0.19,0.31,0.34,0.45,0.51,0.64,0.76,0.7,0.8
2023-12-01,291,"wait","games_routines",0.05,0.11,0.14,0.18,0.18,0.22,0.3,0.37,0.54,0.57,0.62
2023-12-01,292,"wanna/want to","games_routines",0.05,0.11,0.12,0.18,0.18,0.25,0.27,0.43,0.54,0.49,0.54
2023-12-01,293,"yes","games_routines",0.17,0.26,0.29,0.43,0.49,0.57,0.65,0.72,0.86,0.84,0.9
2023-12-01,294,"bite","action_words",0.09,0.19,0.3,0.32,0.31,0.41,0.46,0.59,0.72,0.68,0.68
2023-12-01,295,"blow","action_words",0.03,0.08,0.07,0.13,0.19,0.24,0.37,0.44,0.66,0.62,0.69
2023-12-01,296,"break","action_words",0.03,0.04,0.03,0.05,0.05,0.06,0.1,0.18,0.21,0.22,0.25
2023-12-01,297,"bring","action_words",0.04,0.06,0.1,0.22,0.26,0.35,0.44,0.58,0.76,0.66,0.75
2023-12-01,298,"bump","action_words",0.03,0.09,0.07,0.07,0.08,0.11,0.15,0.27,0.32,0.29,0.39
2023-12-01,299,"clean (action)","action_words",0.05,0.08,0.07,0.12,0.15,0.17,0.26,0.38,0.52,0.56,0.72
2023-12-01,300,"close","action_words",0.03,0.04,0.07,0.16,0.21,0.3,0.38,0.5,0.71,0.58,0.66
2023-12-01,301,"cry","action_words",0.09,0.15,0.17,0.18,0.2,0.27,0.36,0.44,0.54,0.52,0.58
2023-12-01,302,"dance","action_words",0.07,0.14,0.17,0.36,0.4,0.47,0.54,0.64,0.83,0.77,0.81
2023-12-01,303,"draw","action_words",0.02,0.04,0.04,0.06,0.07,0.1,0.13,0.25,0.36,0.4,0.52
2023-12-01,304,"drink (action)","action_words",0.12,0.21,0.3,0.42,0.45,0.52,0.59,0.72,0.86,0.76,0.83
2023-12-01,305,"drive","action_words",0.03,0.03,0.04,0.08,0.09,0.12,0.17,0.27,0.37,0.33,0.41
2023-12-01,306,"eat","action_words",0.27,0.36,0.45,0.53,0.57,0.62,0.69,0.77,0.88,0.88,0.9
2023-12-01,307,"fall","action_words",0.03,0.09,0.11,0.1,0.1,0.17,0.26,0.32,0.48,0.45,0.54
2023-12-01,308,"feed","action_words",0.06,0.09,0.09,0.13,0.11,0.12,0.18,0.28,0.36,0.35,0.38
2023-12-01,309,"finish","action_words",0.04,0.06,0.07,0.12,0.15,0.12,0.17,0.2,0.25,0.37,0.42
2023-12-01,310,"get","action_words",0.07,0.05,0.13,0.21,0.25,0.35,0.44,0.59,0.79,0.68,0.74
2023-12-01,311,"give","action_words",0.05,0.12,0.19,0.37,0.38,0.44,0.55,0.66,0.85,0.73,0.81
2023-12-01,312,"go","action_words",0.06,0.14,0.2,0.25,0.27,0.42,0.51,0.68,0.81,0.71,0.8
2023-12-01,313,"help","action_words",0.04,0.05,0.05,0.1,0.12,0.14,0.22,0.38,0.43,0.5,0.61
2023-12-01,314,"hit","action_words",0.03,0.07,0.12,0.1,0.13,0.19,0.26,0.4,0.55,0.46,0.52
2023-12-01,315,"hug","action_words",0.13,0.2,0.27,0.38,0.42,0.53,0.59,0.71,0.88,0.81,0.89
2023-12-01,316,"hurry","action_words",0.03,0.04,0.04,0.05,0.06,0.07,0.13,0.2,0.25,0.2,0.24
2023-12-01,317,"jump","action_words",0.06,0.07,0.07,0.1,0.1,0.13,0.2,0.31,0.41,0.49,0.56
2023-12-01,318,"kick","action_words",0.05,0.07,0.05,0.09,0.12,0.13,0.2,0.34,0.45,0.46,0.51
2023-12-01,319,"kiss","action_words",0.22,0.29,0.45,0.55,0.56,0.61,0.66,0.79,0.94,0.86,0.91
2023-12-01,320,"look","action_words",0.13,0.19,0.26,0.36,0.35,0.45,0.52,0.63,0.78,0.71,0.75
2023-12-01,321,"love","action_words",0.1,0.12,0.18,0.17,0.15,0.23,0.29,0.43,0.54,0.47,0.49
2023-12-01,322,"open","action_words",0.04,0.05,0.11,0.2,0.25,0.3,0.39,0.56,0.73,0.64,0.77
2023-12-01,323,"play","action_words",0.1,0.16,0.17,0.23,0.25,0.33,0.37,0.47,0.59,0.61,0.64
2023-12-01,324,"pull","action_words",0.03,0.05,0.04,0.09,0.11,0.14,0.18,0.27,0.36,0.37,0.44
2023-12-01,325,"push","action_words",0.03,0.05,0.06,0.13,0.17,0.21,0.23,0.37,0.5,0.48,0.54
2023-12-01,326,"put","action_words",0.04,0.05,0.05,0.09,0.15,0.16,0.27,0.39,0.53,0.46,0.52
2023-12-01,327,"read","action_words",0.06,0.08,0.11,0.24,0.24,0.32,0.39,0.48,0.71,0.69,0.74
2023-12-01,328,"ride","action_words",0.04,0.04,0.07,0.11,0.12,0.18,0.24,0.37,0.53,0.45,0.46
2023-12-01,329,"run","action_words",0.04,0.05,0.04,0.06,0.07,0.14,0.19,0.32,0.45,0.49,0.58
2023-12-01,330,"say","action_words",0.05,0.06,0.08,0.12,0.12,0.2,0.24,0.36,0.48,0.44,0.52
2023-12-01,331,"see","action_words",0.05,0.13,0.17,0.16,0.16,0.28,0.3,0.47,0.58,0.5,0.58
2023-12-01,332,"show","action_words",0.04,0.05,0.06,0.1,0.14,0.18,0.23,0.33,0.54,0.45,0.52
2023-12-01,333,"sing","action_words",0.04,0.12,0.12,0.16,0.16,0.21,0.28,0.38,0.49,0.42,0.54
2023-12-01,334,"sleep","action_words",0.12,0.18,0.18,0.24,0.25,0.3,0.39,0.55,0.67,0.63,0.74
2023-12-01,335,"smile","action_words",0.15,0.21,0.2,0.22,0.21,0.25,0.29,0.38,0.42,0.43,0.5
2023-12-01,336,"splash","action_words",0.07,0.17,0.14,0.23,0.21,0.27,0.36,0.39,0.62,0.56,0.57
2023-12-01,337,"stop","action_words",0.08,0.15,0.22,0.26,0.33,0.4,0.43,0.59,0.73,0.64,0.78
2023-12-01,338,"swim","action_words",0.04,0.06,0.04,0.12,0.13,0.12,0.14,0.2,0.27,0.33,0.37
2023-12-01,339,"swing (action)","action_words",0.05,0.06,0.08,0.12,0.13,0.18,0.23,0.29,0.58,0.41,0.48
2023-12-01,340,"take","action_words",0.04,0.05,0.04,0.08,0.09,0.15,0.15,0.32,0.37,0.34,0.42
2023-12-01,341,"throw","action_words",0.05,0.08,0.09,0.2,0.25,0.34,0.41,0.53,0.76,0.71,0.75
2023-12-01,342,"tickle","action_words",0.12,0.13,0.2,0.28,0.26,0.31,0.35,0.47,0.64,0.61,0.7
2023-12-01,343,"touch","action_words",0.07,0.08,0.1,0.18,0.15,0.21,0.26,0.39,0.51,0.51,0.55
2023-12-01,344,"watch (action)","action_words",0.04,0.09,0.08,0.15,0.12,0.15,0.21,0.35,0.39,0.38,0.47
2023-12-01,345,"walk","action_words",0.08,0.12,0.15,0.27,0.34,0.41,0.47,0.58,0.67,0.66,0.75
2023-12-01,346,"wash","action_words",0.06,0.1,0.11,0.15,0.18,0.23,0.3,0.44,0.61,0.59,0.66
2023-12-01,347,"wipe","action_words",0.07,0.06,0.11,0.13,0.15,0.18,0.29,0.35,0.51,0.5,0.57
2023-12-01,348,"write","action_words",0.04,0.03,0.03,0.04,0.05,0.05,0.08,0.19,0.2,0.17,0.23
2023-12-01,349,"day","time_words",0.05,0.04,0.06,0.07,0.07,0.07,0.1,0.13,0.14,0.13,0.18
2023-12-01,350,"later","time_words",0.03,0.04,0.06,0.06,0.06,0.07,0.08,0.13,0.16,0.21,0.3
2023-12-01,351,"morning","time_words",0.06,0.07,0.09,0.12,0.1,0.09,0.09,0.16,0.17,0.2,0.26
2023-12-01,352,"night","time_words",0.09,0.12,0.13,0.12,0.12,0.14,0.17,0.24,0.32,0.28,0.37
2023-12-01,353,"now","time_words",0.06,0.07,0.07,0.06,0.09,0.09,0.12,0.21,0.22,0.24,0.33
2023-12-01,354,"today","time_words",0.04,0.04,0.05,0.04,0.05,0.05,0.05,0.1,0.06,0.09,0.1
2023-12-01,355,"tomorrow","time_words",0.04,0.04,0.04,0.05,0.06,0.04,0.04,0.1,0.05,0.08,0.08
2023-12-01,356,"tonight","time_words",0.05,0.03,0.05,0.04,0.05,0.05,0.05,0.11,0.05,0.08,0.1
2023-12-01,357,"all gone","descriptive_words",0.28,0.37,0.51,0.64,0.62,0.74,0.75,0.81,0.91,0.89,0.9
2023-12-01,358,"asleep","descriptive_words",0.05,0.11,0.11,0.1,0.13,0.18,0.19,0.33,0.45,0.46,0.49
2023-12-01,359,"bad","descriptive_words",0.09,0.09,0.15,0.17,0.16,0.27,0.25,0.39,0.41,0.35,0.36
2023-12-01,360,"big","descriptive_words",0.05,0.08,0.11,0.13,0.11,0.16,0.21,0.31,0.39,0.36,0.42
2023-12-01,361,"blue","descriptive_words",0.03,0.03,0.04,0.05,0.06,0.07,0.07,0.14,0.15,0.21,0.32
2023-12-01,362,"broken","descriptive_words",0.03,0.03,0.04,0.05,0.06,0.08,0.13,0.19,0.23,0.26,0.34
2023-12-01,363,"careful","descriptive_words",0.07,0.12,0.17,0.26,0.31,0.32,0.4,0.47,0.67,0.58,0.67
2023-12-01,364,"clean (description)","descriptive_words",0.04,0.07,0.06,0.09,0.1,0.11,0.17,0.23,0.4,0.36,0.48
2023-12-01,365,"cold","descriptive_words",0.08,0.07,0.08,0.12,0.12,0.16,0.27,0.4,0.52,0.49,0.57
2023-12-01,366,"cute","descriptive_words",0.05,0.09,0.11,0.09,0.11,0.12,0.1,0.23,0.26,0.22,0.27
2023-12-01,367,"dark","descriptive_words",0.03,0.05,0.04,0.05,0.06,0.07,0.11,0.16,0.17,0.18,0.25
2023-12-01,368,"dirty","descriptive_words",0.07,0.09,0.12,0.16,0.15,0.23,0.28,0.42,0.57,0.47,0.6
2023-12-01,369,"dry (description)","descriptive_words",0.02,0.05,0.04,0.06,0.07,0.06,0.07,0.17,0.24,0.19,0.26
2023-12-01,370,"empty","descriptive_words",0.06,0.07,0.11,0.11,0.13,0.2,0.23,0.33,0.42,0.35,0.49
2023-12-01,371,"fast","descriptive_words",0.03,0.04,0.04,0.07,0.06,0.08,0.09,0.17,0.16,0.24,0.36
2023-12-01,372,"fine","descriptive_words",0.03,0.03,0.03,0.04,0.04,0.04,0.04,0.08,0.05,0.07,0.09
2023-12-01,373,"gentle","descriptive_words",0.1,0.13,0.13,0.29,0.29,0.31,0.34,0.47,0.58,0.57,0.75
2023-12-01,374,"good","descriptive_words",0.09,0.14,0.24,0.25,0.23,0.32,0.33,0.49,0.63,0.5,0.53
2023-12-01,375,"happy","descriptive_words",0.12,0.12,0.14,0.15,0.2,0.19,0.25,0.36,0.35,0.42,0.51
2023-12-01,376,"hard","descriptive_words",0.03,0.03,0.04,0.05,0.05,0.04,0.06,0.13,0.14,0.13,0.13
2023-12-01,377,"hot","descriptive_words",0.07,0.1,0.16,0.18,0.2,0.35,0.41,0.55,0.78,0.64,0.78
2023-12-01,378,"hungry","descriptive_words",0.15,0.19,0.22,0.24,0.28,0.35,0.37,0.49,0.68,0.6,0.68
2023-12-01,379,"hurt","descriptive_words",0.05,0.06,0.07,0.08,0.09,0.12,0.18,0.24,0.33,0.32,0.43
2023-12-01,380,"little (description)","descriptive_words",0.03,0.05,0.03,0.07,0.06,0.08,0.11,0.2,0.21,0.18,0.26
2023-12-01,381,"naughty","descriptive_words",0.04,0.04,0.07,0.08,0.06,0.09,0.09,0.17,0.13,0.13,0.16
2023-12-01,382,"nice","descriptive_words",0.04,0.07,0.1,0.12,0.11,0.16,0.21,0.37,0.38,0.31,0.34
2023-12-01,383,"old","descriptive_words",0.03,0.03,0.03,0.04,0.04,0.03,0.03,0.07,0.04,0.05,0.07
2023-12-01,384,"pretty","descriptive_words",0.04,0.08,0.11,0.08,0.11,0.15,0.17,0.27,0.35,0.22,0.3
2023-12-01,385,"red","descriptive_words",0.02,0.04,0.04,0.05,0.05,0.06,0.06,0.11,0.13,0.16,0.25
2023-12-01,386,"scared","descriptive_words",0.04,0.03,0.04,0.06,0.05,0.06,0.07,0.14,0.11,0.14,0.17
2023-12-01,387,"sick","descriptive_words",0.04,0.05,0.04,0.07,0.06,0.07,0.07,0.13,0.13,0.13,0.15
2023-12-01,388,"sleepy","descriptive_words",0.12,0.2,0.25,0.21,0.22,0.31,0.35,0.44,0.57,0.51,0.57
2023-12-01,389,"soft","descriptive_words",0.04,0.09,0.07,0.12,0.09,0.13,0.15,0.26,0.37,0.35,0.43
2023-12-01,390,"thirsty","descriptive_words",0.09,0.12,0.14,0.18,0.17,0.24,0.29,0.37,0.53,0.47,0.54
2023-12-01,391,"tired","descriptive_words",0.1,0.16,0.13,0.18,0.17,0.25,0.27,0.4,0.54,0.46,0.5
2023-12-01,392,"wet","descriptive_words",0.08,0.12,0.12,0.11,0.12,0.2,0.24,0.33,0.49,0.41,0.51
2023-12-01,393,"yucky","descriptive_words",0.1,0.12,0.2,0.23,0.22,0.36,0.41,0.49,0.61,0.54,0.6
2023-12-01,394,"his","pronouns",0.03,0.04,0.04,0.07,0.07,0.08,0.09,0.14,0.12,0.17,0.21
2023-12-01,395,"her","pronouns",0.04,0.04,0.05,0.06,0.07,0.08,0.1,0.15,0.13,0.17,0.19
2023-12-01,396,"I","pronouns",0.06,0.04,0.09,0.08,0.08,0.11,0.14,0.21,0.26,0.24,0.28
2023-12-01,397,"it","pronouns",0.05,0.05,0.05,0.07,0.08,0.11,0.11,0.2,0.23,0.21,0.22
2023-12-01,398,"me","pronouns",0.07,0.06,0.12,0.13,0.14,0.17,0.23,0.34,0.4,0.38,0.46
2023-12-01,399,"mine","pronouns",0.11,0.09,0.13,0.18,0.16,0.18,0.25,0.35,0.45,0.46,0.52
2023-12-01,400,"my","pronouns",0.05,0.05,0.07,0.08,0.09,0.12,0.13,0.22,0.26,0.23,0.35
2023-12-01,401,"that","pronouns",0.05,0.05,0.08,0.13,0.12,0.2,0.23,0.36,0.4,0.34,0.42
2023-12-01,402,"this","pronouns",0.05,0.04,0.06,0.12,0.11,0.16,0.23,0.32,0.35,0.3,0.42
2023-12-01,403,"you","pronouns",0.12,0.13,0.13,0.2,0.2,0.25,0.33,0.39,0.43,0.47,0.49
2023-12-01,404,"your","pronouns",0.06,0.07,0.09,0.12,0.12,0.13,0.15,0.24,0.3,0.31,0.33
2023-12-01,405,"how","question_words",0.03,0.05,0.04,0.05,0.05,0.06,0.07,0.11,0.09,0.14,0.15
2023-12-01,406,"what","question_words",0.04,0.07,0.12,0.14,0.15,0.17,0.21,0.36,0.45,0.39,0.43
2023-12-01,407,"when","question_words",0.03,0.03,0.04,0.04,0.05,0.05,0.05,0.08,0.05,0.09,0.08
2023-12-01,408,"where","question_words",0.07,0.13,0.12,0.25,0.27,0.3,0.3,0.43,0.58,0.54,0.55
2023-12-01,409,"who","question_words",0.05,0.1,0.09,0.12,0.13,0.14,0.18,0.26,0.36,0.36,0.41
2023-12-01,410,"why","question_words",0.05,0.04,0.04,0.04,0.05,0.05,0.06,0.13,0.07,0.11,0.13
2023-12-01,411,"away","locations",0.04,0.05,0.07,0.07,0.08,0.11,0.1,0.2,0.22,0.23,0.3
2023-12-01,412,"back","locations",0.04,0.05,0.09,0.09,0.11,0.11,0.14,0.25,0.32,0.31,0.41
2023-12-01,413,"down","locations",0.11,0.14,0.21,0.3,0.32,0.39,0.49,0.55,0.77,0.69,0.76
2023-12-01,414,"in","locations",0.04,0.08,0.07,0.2,0.22,0.27,0.33,0.44,0.59,0.57,0.62
2023-12-01,415,"inside","locations",0.04,0.06,0.07,0.16,0.14,0.2,0.25,0.34,0.45,0.48,0.56
2023-12-01,416,"off","locations",0.07,0.11,0.14,0.18,0.24,0.29,0.33,0.46,0.63,0.57,0.7
2023-12-01,417,"on","locations",0.06,0.09,0.09,0.16,0.23,0.28,0.3,0.45,0.6,0.56,0.69
2023-12-01,418,"out","locations",0.07,0.1,0.1,0.19,0.19,0.28,0.3,0.4,0.58,0.55,0.63
2023-12-01,419,"there","locations",0.08,0.07,0.08,0.13,0.13,0.17,0.2,0.33,0.42,0.38,0.43
2023-12-01,420,"under","locations",0.05,0.05,0.08,0.14,0.17,0.17,0.22,0.32,0.39,0.42,0.52
2023-12-01,421,"up","locations",0.13,0.18,0.23,0.37,0.4,0.42,0.46,0.56,0.72,0.72,0.77
2023-12-01,422,"all","quantifiers",0.03,0.05,0.04,0.09,0.07,0.08,0.1,0.19,0.26,0.21,0.28
2023-12-01,423,"another","quantifiers",0.02,0.05,0.05,0.06,0.09,0.08,0.12,0.2,0.27,0.24,0.28
2023-12-01,424,"more","quantifiers",0.16,0.26,0.25,0.44,0.45,0.47,0.48,0.61,0.78,0.75,0.85
2023-12-01,425,"none","quantifiers",0.04,0.06,0.07,0.09,0.08,0.08,0.11,0.16,0.19,0.22,0.25
2023-12-01,426,"not","quantifiers",0.04,0.03,0.04,0.05,0.06,0.08,0.08,0.15,0.19,0.17,0.23
2023-12-01,427,"other","quantifiers",0.02,0.03,0.04,0.04,0.05,0.05,0.05,0.13,0.14,0.14,0.15
2023-12-01,428,"same","quantifiers",0.02,0.03,0.04,0.05,0.06,0.04,0.05,0.09,0.07,0.13,0.15
2023-12-01,429,"some","quantifiers",0.04,0.06,0.06,0.07,0.1,0.11,0.15,0.21,0.28,0.21,0.24
